Andrew, Lang, EDMUND, BERRY, JEANNE, D'ARC, V., JUNIUS, VIII, BATEMAN, MARIE, XII, James, de, la, Cloche, Louis, XIV., Ailesbury, Charles, II., Pucelle, Edmund, Berry, Godfrey, Amy, Robsart, Hay, Fleming, A., W., Crawley-Boevey, Alexander, Herbert, Phaire, Valentine, Greatrakes, II, Le, Fevre, Lee, Bedloe, Jeanne, d'Arc, Marie, Fisher, Bateman, Bacon, Gerard, E., M., Thompson, Violet, Simpson, Austin, West, Armanni, Giacopo, Stuardo, Anne, Napoleon, Roux, Fazaillac, Martin, du, Junca, Saint-Mars, Isles, Sainte-Marguerite, Rosarges, William, III., Fenwick, Chevalier, XV, Madame, Pompadour, XVI, Antoinette, Louvois, XIV, Voltaire, Mazarin, Duke, Heiss, Mattioli, Lair, Eustache, Dauger, Marsilly, Colbert, Lyonne, Joly, Jung, Vauroy, Fouquet, Lauzun, Grande, Mademoiselle, La, Riviere, Pignerol, Nicholas, Foucquet, Count, Dubreuil, GENTRY, MATTIOLI, Topin, Casal, Funck-Brentano, Oliver, Cromwell, Duc, Beaufort, Leyden, Chezut, Barbezieux, Savoy, Laprade, Melzac, Malzac, (, Loiseleur, Marchiel, Francois, Eliard, Pierre, Maret, Navet, EUSTACHE, Stuart, Dumas, Aramis, Jesus, Joseph, Williamson, Holland, Dauphine, Berne, Balthazar, S., B., Noble, Seigneurs, Jeudi, Julia, Cartwright, Perwich, W, Maille, Montague, ], Fonds, Francais, Prince, d'Aremberg, D'Aremberg, De, Lionne, Coll, Mareschall, Schomberg, Ruvigny, Flanders, Turenne, Gex, Monsieur, Moulin, Broglie, I., Francis, Vernon, P., Franche, Comte, Monsr, BRITTAIN, Ambr, Munday, Du, MOULIN, Marsilli, Hee, Currt, Daillie, Criminel, Roy, FRANS, VERNON, Paddington, Woods, Primrose, Hill, Bromwell, Walters, Hist, Brown, Westminster, Lloyd, Angus, Roger, Frith, Salvetti, Pollock, David, Hume, Oates, Dugdale, L'Estrange, Danby, George, Sitwell, Sacheverell, Burnet, Forsett, Harwood, Moore, Titus, Omer, Tonge, Coleman, Clarke, Welden, ), Bury, Stafford, Wynnel, Wynell, OATES, Robinson, Tartarin, Mulys, Catholics, of, York, Fere, Bellasis, Foley, Eveley, Evers, Longman, Walsh, GODFREY, Samuel, Atkins, Pepys, Miles, Prance, John, Wren, Pritchard, Salvin, Green, Chancellor, North, Gerald, Kelly, Scroggs, Stephen, Aston, Harcourt, Sanbidge, Chetwyn, Wilson, Hanson, Birch, Turton, 'I, Scott, Macaulay, Allen, Bondy, Rawson, PRANCE, Herry, Mark, Preston, Langhorne, Ferrera, Brady, Randolph, Knox, Riccio, Quicherat, Gordon, Arthur, IV, XVI., Mahdi, Save, Nancy, Jehanne, VII., Guillaume, Belier, Jehan, Jaquet, Leprestre, des, Armoises, VII, Siquemville, Gilles, Raiz, Marechal, Alvaro, Luna, False, Robert, Metz, Pere, Vignier, Saint-Thibaud, Anatole, France, Lorraine, Lanery, Elizabeth, Gorlitz, Hermoises, Ulrich, Nider, Vienne, Plancy, Grammont, Lys, 'La, Dom, Calmet, Boisy, Sala, Alain, Chartier, MS., Feronne, Varlet, Vireville, d'Orleans, Voulton, Henry, Perinet, Bouteiller, Sermaise, Voultons, le, Montigueue, Catherine, Margaret, VI, Lecoy, March, Jean, Douillet, Lesigne, Legende, Roi, Rene, Gaston, Massieu, Ladvenu, Percival, Cagny, Jangen, Lefevre, Pontalis, Luillier, Nouvelles, Recherches, Johnson, Lyttelton, Westcote, Adams, Thomas, Lord, Coulton, Barnard, Fox, Montagu, Salvator, Rosa, Claude, Warburton, Boswell, Carter, Wilkes, Junius, Croker, Lockhart, Charlotte, Rigg, Carlyle, America, Eyre, Horace, Walpole, Fortescue, Wolsley, Charteris, Mann, Mason, Piozzi, Thrale, Ascough, Wraxall, Lady, Walter, Faulkner, Stuckey, MR., FORTESCUE, Frederick, Flood, Annesley, F., Beresford, Dawson, Fothergill, Sarah, Earl, Spencer, Bute, Ross, Mary, Coke, Delany, T., J., Wolseley, Hibbert, Peach, Amphlett, Peter, Andrews, Andrews's, H., Prescott, Nicholson, Fison, Kurnai, Dante, Milton, Shakespeare, WAS, Queen, Darnley, Bothwell, Dudley, Cecil, Scot, nee, Appleyard, Empson, Edward, Rye, Pettigrew, Froude, Tudor, Master, Hydes, Forster, Canon, Jackson, Eliz, Hatfield, Calendar, Philip, Simancas, Gonzales, Baron, Kervyn, Lettenhove, Ginesta, Gairdner, Feria, Ferdinand, Doc, Sidney, Preyner, Milort, Robsart's, Guise, Leith, Owen, Anthony, Ann, Williams, Reginald, Oddingsell, Kirk, Richard, Verney, Bald, Buttler, Buttelars, Herts, Verneys, Bayly, Wood, BAYLY, 'in, [, Ernst, Bekker, Giesener, Studien, Giesen, Philippe, Arch, Bartlett, Blount, Craik, Pinto, Haynes, Huggon, Amye, Archbishop, Beaton, Jones, DUDLEY, Milord, Roberto, Reyna, Gallup, Quadra, Marquis, Harry, Killigrew, Christ, Throgmorton, Pembroke, Talbot, Denis, Joan, Chaste, Patrick, Abercromby, Foedera, Dunois, Michael, Ayroles, Michelet, Simeon, Luce, Henri, Fabre, Douglas, Murray, Lelut, Socrates, Galton, Richet, Brierre, Boismont, Gurney, Goethe, Herschel, Senechal, Perceval, Boulainvilliers, Frere, Colette, Baudricourt, Vallet, Cousinot, Montreuil, Beaupere, Coleridge, Ave, Maria, St., Malcolm, Rotselaer, Lyons, Myers, Monstrelet, d'Alencon, Dunard, Paradis, D'Aulon, Moustier, Janet, Leontine, Leonie, Peden, Leonore, Flournoy, 'Helene, Smith, Leopold, Cagliostro, Balsamo, Alexandre, *See, Shelley, Katherine, Hardwick, Fierbois, Nutt, Corbet, Thackeray, Acton, Boero, Father, Pascal, Ludovick, Stewart, Lennox, Stewarts, Sharp, Bourg, Jarsey, Catt, Huguenot, Christina, Andrea, al, Quirinale, Oliva, Henrietta, Mother, King, Signor, Rohan, Florent, Kent, Maziere, Vincenzo, Giuseppe, Piccini, Brunet, Gardner, Paisley, Francesco, Corona, Teresa, Browne, Citty, Don, Pedro, FFRENCH, Jo, Poast, Sonne, Dona, Stuarta, Saies, hee, Sonn, Hans, Kelder, Jacopo, Stuarto, Donna, Marzo, Orne, 'Henri, Steuart, Dux, Roani, Hoskins, Bentley, Osborne, Fanshaw, D., Baroni, di, Farley, Montgomery, Martin's, Worrall, Chief-Justice, Forbes, Cooper, Coddington, Hamilton, Lewis, Solomon, Hopkins, Lawrence, Nathaniel, Cole, Burke, Leonard, Bradbury, Gilbert, Howe, Reddall, Boom, Edden, Tyler, Nugent, R., Chester, Sewell, Vaughan, EDDEN, Ackfield, Davies, Rusden, Hayes, Suttar, Sherlock, Holmes, Cruikshank, Tilt, Mustapha, Syried, Bryce, Blanchard, Jerrold, Dickens, Young, Porter, Percy, Ritson, Mussulman, Wyatt, Edgell, Rosalind, Northcote, Ven, Titmarsh, Bedmin, Bicham, Bekie, Beichan, Susie, Pie, Sophia, Bondwell, Markgraf, Backenweil, Byron, Turk, Jason, Pindar, Billy, Blin, Becket, Henderson, Courthope, Bruce, Kitton, Dickensite, J, Keene, Burnett, KEENE, Little, Dunlop, Burns, Yestreen, the, Maries, Seaton, Carmichael, Kirkpatrick, Sharpe, Livingstone, Laing, Maitland, Ogilvy, Jane, Hambledon, Wogan, III, Allan, Ramsay, Muse, Pans, Robin, Oig, More, Rob, Charlie, Leslie, Morison, Child, Macquoid, Homer, Marian, C., K., Maidment, Myle, Mild, Moil, Maisry, daughter, Willie, Buchan, Warrenston, Johnston, Wallace, Armstrong, Bonnie, Spens', Spens, Eric, Torphichen, Grimm, Kohler, Rossetti, Roos, Warriston, Anderson, Wardlaw, Huntley, Thys, BOTHE, Robertson, Keith, Seatoun, Beatoun, Bonny, Jamie, Ignatius, Donnelly, Pott, Georg, Brandes, G., Thorpe, Webb, Spedding, Furness, Swinburne, Delia, MacWhorter, Wyman, Darwin, Hawthorne, Bucke, Butler, Atkinson, Ben, Jonson, Churton, Collins, Pope, Dares, Phrygius, Chaucer, Boccaccio, Lydgate, Guido, Colonna, Malone, Herodotus, Nobis, Plato, Follett, Saxo, Hamlet, Cressida, Kipling, Ruskin, Tennyson, Folio, Chalmers, Abbott, Littelton, Claudius, Holyband, Vautrollier, Friar, Laurence, Terry, Greene, Nickleby, Crummles, Johannes, Factotum, Burbage, Heming, Meres, Eliza, Weller, Marlowe, Moliere, Platt, Bacono, Sturley, Quiney, Drury, Phillipps, Plutarch, Pliny, Launcelot, Gobbo, Charybdis, Shakspere, Phillipps's, Chettle, Field, 'William, Wroth, Alexin, Adonis, Daniel, Drayton, Page, Chapman, Pinero, Browning, Ingenioso, Juliet, Romeo, Gullio, Shakspeare, Kemp, Pantalabus, Drummond, My, Wordsworth, Glengarry, Hooker, Egerton, Sandys, Spenser, Tyrrell, Dowden, Phil