Jules, Verne, Charles, F., Horne, Grant, Jack, Glenarvan, Edward, Lady, Helena, DUNCAN, John, Mangles, Lord, Tom, Austin, SKIPP, Gr, Juni, Glas, Clyde, Malcolm, Castle, Peru-Callao, Franklin, GLENARVAN, St., Martin, Tuffnell, William, Halbert, Balloch, Robert, Mary, Harry, Columbus, Firth, Nelson, Burton, Walter, Scott, Morton, Loch, Lomond, Olbinett, Tarbert, Katrine, Steward, Burdness, Jacques, Eliacin, Francois, Marie, Paganel, JACQUES, PAGANEL, Monsieur, M., Vivien, de, Saint, Waugh, Webb, Hodgson, Huc, Gabet, Moorecroft, Remy, Krick, Duncan, Cortanbert, Malte, Brun, Mont, Blanc, Humboldt, Bonplan, Sal, Sainte-Claire, Deville, La, Decidee, Cervantes, Tiremenen, Carmen, Tehuelches, Falkner, Inaken, Drake, Cavendish, Hawkins, Lemaire, Shouten, Wood, Narborough, Byron, Giraudais, Wallis, Cape, Gregory, Sarmiento, Isles, Ferdinand, Magellan, Valdivia, Concepcion, Bentic, Guinnard, Buenos, Ayres, Molina, Miers, Orbigny, Antonie, Wilson, Mulrady, Sayers, P., Mendoze, Dame, Nature, Camoens, Babel, Maximii, Van, der, Brock, Thalcave, Mendoza, Scotchman, Rosas, McNabbs, Patrick, Campagna, Thaouka, Guamini, Hannibal, Catriel, Manuel, Ipharaguerre, Jose, Juan, Pepe, Goethe, Ayriens, Flores, Marco, Vazello, Major, Young, Victoria, Cressy, Noah, Jaguar, Prince, I, am, of, Moussy, Arago, Horn, Lawrence, Terra, del, Fuego, Maria, Theresa, Bernouilli, Murray, the, Mangle, Hottentots, Saxon, Daniel, Defoe, Robinson, Crusoe, Paul, Viot, Peter, Leichardt, Mcintyre, Quiros, Louis, Vas, Torres, Theodore, Hertoge, Zeachen, Arnheim, Diemen, Jan, Edels, Leuwin, Baudin, Shakespeare, Borda, Yarrow, Horace, Paddy, O'Moore, Ayrton, AYRTON, De, Lesseps, Felix, Batman, Grimard, Sam, Machell, Xenophon, Carisbrook, Mount, Simpson, Mitchell, Jeffries, Smith, Toline, Paxton, Lachlan, Oceanica, Makin, Maraki, Johnson, Lincoln, Napo-leon, Richardson, Kilmore, Heathcote, Tara, Seymour, Dickson, Ben, Joyce, J., MITCHELL, S., G., When, Erard, Mozart, Don, Michael, Sandy, Patterson, Jamieson, Peron, Burke, Buckley, Morrilli, Saxe-Coburg, Gotha, Eden, Grant's, God, Kemple, Pier, Delegete, A., ANDREWS, Will, Halley, Mani, Abel, Tasman, HALLEY, Jerome, Elizabeth, Sawney, Bean, Queen, Hihi, Thompson, Hobson, Potatau, Kingi, Cameron, Maories, Carey, Mataitawa, VIII, Napier, Hawke, Drury, Hochstetter, Zelee, Dumont, Hawkes, Johnston, D'Urville, Kai-Koumou, Kara-Tete, Tohonga, Noui-Atoua, Ware-Atoua, Stern, Cook, Maunganamu, Dear, Capua, Scotchwoman, Julia, Cornish, GRANT, Scotchmen, Bob, Learce, Joe, Bell, Tabor, Isle, Arabella, Britany, McNabb, Joye