FRANCIS, DARWIN, Miscellanea, Erasmus, Darwin, C., LYELL, CHARLES, Charles, Lyell, Hooker, G., St., Hilaire, Scarborough, Harcourt, De, Candolle, Sydney, Smith, L., AGASSIZ, Jean, Louis, Rodolphe, Agassiz, Mortier, Morat, Williams, Norgate, Madame, Sismondi, (, Jessie, Allen, Josiah, Wedgwood, Maer, HUGH, FALCONER, Falconer, Murray, Gray, HENSLOW, Henslow, JOHN, LUBBOCK, John, Lubbock, Paley, Huxley, JENYNS, Jenyns, WALLACE, Asa, Slater, Wallace, CARPENTER, Carpenter, H., Holland, J.D, HOOKER, H.C., Watson, Bentham, WATSON, Thames, Ditton, Combe, Scott, Homo, HEWETT, JOS, D., Jove, Faraday, Lyell's, J., Herschel, Von, Baer, Karl, Ernst, von, Natura, Dear, Henry, Belloc, M., de, Quatrefages, Balliere, Masson, Bronn, Milne, Edwards, Lady, Kingsley, Sedgwick, Crawford, Murchison, Dante, Prestwich, Ornithorhyncus, Owen, MS., Edward, Robert, Brown, Naudin, Decaisne, W., Jardine, William, A., Prideaux, Selby, Stamford, Raffles, Horsfield, Mammalia, Bohn, White, Hugh, Strickland, Ward, Cates, SEDGWICK, Adam, Ray, Club, Bishop, Wilkins, H.H, H.H., Jupiter, Olympius, Lucas, Lane, Elizabeth, Lindley, '', Gardeners, Gwyn, Jeffreys, Whewell, Andrew, R., Soc, Edin, Napoleon, Spencer, Hensleigh, Westwood, Forbes, Appletons, Butler, Wyman, Dana, Harvey, Allman, Begonia, Krause, Mineralogie, Schweitzerbart, Wahl, Gaertner, Kolreuter, Herbert, Morton, CHEVREUL, Lowe, Bull, Ramsey, Newton, Dane, Arthur, Nat, Wollaston, Linn, Bunbury, Baden, Powell, Socrates, KINGSLEY, Brodie, Innes, Milton, Moses, 'Brodie, Crompton, Kinnordy, Brewster, Leibnitz, Alexander, Jordan, Ramsay, Thwaites, G.J.K, Boott, Jukes, H.D, Searles, Wood, Joseph, Beete, Valentine, BENTHAM, GEORGE, PRESTWICH, Francois, Jules, Pictet, Fawcett, Stephen, W.B, Patrick, Matthew, Wells, B., Brahma, Norman, Bowen, Bede, Laugel, Behring, Thomson, Thomas, Clarke, Clark, J.W, Phillips, Rede, VIII, Schaaffhausen, Hermann, Appleton, Dunns, Chambers, Hopkins, Esquire, Bedell, Blyth, Malthus, Lowell, Daubeny, Draper, Richard, Green, Boyd, Dawkins, V., Carus, Hartfield, Blomefield, Hochstetter, F., WATKINS, Watkins, Alfuren, Wagner, Anzeigen, Woodward, Parsons, Theophilus, Parson, Lingula, Didelphys, Krohn, Bree, RODWELL, Rodwell, Fox, Kirby, Spence, Francis, Hunter, Azara, Picus, McDonnell, Du, Boi-Reymond, David, Jahrbuch, Clemence, Royer, Anstey, Oliver, Freke, Neale, Trubner, Sanscrit, Bates, Belt, Hutton, Frederick, Edgeworth, Wallich, George, Rolleston, Linacre, Professor, of, Anatomy, James, Wyatt, Busk, THOMAS, DAVIDSON, Davidson, Cooper, Salter, Geikie, Noah, Hesketh, Crescent, Maw, Pengelly, BATES, Gosse, Mason, Nicotiana, Max, Muller, Schleicher, Colenso, Joshua, Brinton, Maurice, Tennyson, Julius, Haast, JULIUS, VON, HAAST, CAMILLE, DARESTE, Dareste, Cairns, J.E, Cobbett, Plato, Buffon, Boucher, Perthes, Grove, Haeckel, Preyer, Jena, Marquis, Saporta, Pentateuchal, Heterogeny, Geoffrey, Pasteur, Lecoq, Sabine, Kolliker, P., Flourens, Perpetuel, Bence-Jones, Lesquereux, Leo, Royal, Duke, Ehrenberg, Fritz, Dallas, Blumen, MULLER, Rolfe, Annie, Tylor, Lecky, Gifford, Palgrave, Trollope, Jeffrey, FARRAR, Janet, Wallace's, Victor, VICTOR, CARUS, Nageli, NAGELI, Begriff, Schwendener, Blattstellungen, Chauncey, Wright, Gould, Hubert, Airy, Eyre, Mill, Romanes, Edwardsia, Radiata, Rivers, Dyer, Waterer, Dom, II, Moore, Parker, Judd, Buckland, Boole, E., HAECKEL, Warrington, Pangenesis, Mdlle, W.S, Clowes, G.H, Pouchet, NEWTON, Anne, Street, OGLE, Ogle, Hippocrates, Engelmann, Siebold, Gaudry, Geoffroy, PREYER, Esquimaux, Cameron, Jenner, Julia, Pastrana, Bell, Landois, Gunther, Tyndall, Dalton, Caton, CATON, Walsh, Woolner, Caerdeon, Wedgwoods, Fleeming, Jenkin, Robertson, XVIII., Koch, Reinwald, Stebbing, THIEL, Landwirthschaftlichen, Genossenschaften, Thiel, Thomson's, Geol, Croll, Burke, Deux, Mondes, Parus, RAY, LANKESTER, GUNTHER, Ford, Gallus, B.J, Sulivan, Salisbury, Gardiner, Bridges, Playfair, Helmholtz, Carl, Vogt, Hague, Dohrn, Donders, Bowman, Paget, Crichton, Browne, Mivart, Buckley, Lankester, Angulus, Woolnerii, BRODIE, INNES, Shakespeare, J.B., Thayer, CHAUNCEY, WRIGHT, Suarez, Haredene, TYLOR, Hudson, Hyatt, Cope, Lacaze-Duthiers, WEISMANN, Einfluss, der, Geographischen, Isolirung, Hilgendorf, Moritz, MORITZ, WAGNER, K., SEMPER, Semper, Weismann, SAPORTA, Linnaeus, Whitney, Brace, S., HERBERT, SPENCER, Bassett, Martineau, Gladstone, Hooker's, Bastian, Fahr, Tardigrades, Bain, MRS., HALIBURTON, Haliburton, Woodhouse, Sarah, Drosera, Higginson, WENTWORTH, HIGGINSON, [, Moncure, ], Conway, Galton, ROBERT, R.D., C.D., --, Ruddy, Beobachtungen, Opfer, Angaben, Gurney, Heer, Rubus, Hieracium, Belt's, FISKE, Delpino, Darwiniana, Teoria, della, Pangenesi, Lionel, Beale, Mantegazza, Ouless, BUCKLEY, FISHER, Fisher, ANTON, DOHRN, Balfour, Mutilla, Farrer, Hartismere, Bill, Lyon, Ashley, Cardwell, Winmarleigh, W.E, Forster, Karslake, Erichssen, R.H., LITCHFIELD, Wilder, Cobbe, R.B, Litchfield, Sanderson, Simon, Michael, Foster, FRITHIOF, HOLMGREN, Frances, Power, Magendie, Burton, Jesse, Lauder, Brunton, Edmund, Rev, JAMES, GEIKIE, Holst, Skertchly, Archibald, King, Mellard, Reade, Anthony, Rich, Gazette, Reginald, Elston, Thiselton, Samuel, J.H, Fabre, FABRE, Pierre, Huber, Tommy, Wight, Richmond, Collier, Cohn, Hans, Richter, Herr, O., Zacharias, Loven, Bois, Reymond, Peters, Ewald, Pringsheim, Emil, Rade, Munster, Fitger, van, Bemmelen, R, Sorby, Descendenzlehre, Meldola, MELCHIOR, NEUMAYR, MORSE, J.A, CROOM, ROBERTSON, Taine, Breslau, Mojsisovics, Riffe, Mackintosh, Phil, RIDLEY, Pusey, Virchow, Hodel, Scherzer, MOSELEY, Moseley, Goodacre, Eyton, Abinger, Hall, Marsh, Wyville, G.J, Cossar, Ewart, Roux, 'Der, Kampf, Theile, Gaucho, Tournefort, T., Alph, Axel, Blytt, Elie, Beaumont, Maitland, Aristotle, Cuvier, W.D, Crick, Van, Dyck, VAN, DYCK, Conrad, Sprengel, Befruchtung, Dielytra, Cruger, Veitch, Epidendrum, MURRAY, Naturelles, M.J., Berkeley, Platanthera, Hookeri, Hildebrand, Moggridge, Axell, D'Arcy, Thompson, FARRER, Kerner, Treviranus, HILDEBRAND, Behrens, BEHRENS, Gewerbschule, zu, Elberfeld, Catasetum, Nymphaea, Thalia, THISELTON, DYER, Brit, Jacq, Sinensis, the, Primula, Mitchella, Hottonia, Lythrum, Zeitung, Viola, Shortly, Amer, Mohl, Cissus, Cresy, Dionaea, Burdon, BURDON, SANDERSON, Frankland, Felis, Dorothy, Nevill, DOROTHY, NEVILL, Sachs, Wiesner, Cycas, Lynch, R.I., WIESNER, Garreau, Paine, GILBERT, Gilbert, Bennett, Lawes, Hoffmann, Paget., Vines, MR., TORBITT, Torbitt, Caird, Daydon, Jackson, Steudel, Ball, Bence, Jones, Alfrey, Bradley, NEVIL, STOREY, MASKELYNE, DILKE, DAVID, WEDDERBURN, ARTHUR, RUSSEL, HORACE, DAVEY, BENJAMIN, ARMITAGE, RICHARD, MARTIN, BUXTON, E.L., STANLEY, HENRY, BROADHURST, BARRAN, F.J., CHEETHAM, CAMPBELL-BANNERMAN, BRUCE, FORT, Dean, RUSSELL, LOWELL, A.R, Isaac, Fitz-Roy, Waterhouse, G.R, Leonard, F.W, Bart, Stevens, August, Raphael, Lippstadt, Wege, Hummel-Mannchen, Mendoza, Glen, Roy, Maclaren, Alfred, Flowers, Lawrence, Hughes, R.A., Rajon, Leopold, Flameng, Boehm, Chr, Lehr, Junr, Christ, Maull, O.J, Jeens, R.E., Rejlander, Elliott, Kruells, Merite, Hon, Leyden, Sociedad, Zoologica, Arjentina, Gabinete, Portuguez, Leitura, Wien, Magyar, Tudomanyos, Akademia, Bruxelles, Belgique, Societe, d'Anthropologie, Paris, Kepler, Reinhold, Naturforschende, Gesellschaft, Halle, HOLLAND, Zeeuwsch, Genootschap, Wetenschappen, Societa, dei, Naturalisti, Reale, BALY, BAER, C.L., BREE, C.R., H.G., BROWN, A.B., BUFFON, Jemmy, J.E., Alphonse, COLLIER, Camille, Catherine, Humboldt, Lord, Mahon, Emma, ), Alvey, Carlyle, Waring, Susannah, Susan, ,, Marton, DARWYN, Anton, DU, BOIS-REYMOND, EYRE, J.H., W.H., GLEN, ROY, HERSCHEL, Frithiof, Alpheus, JUDD, J.A., Maxwell, MATTHEW, J.T., H.N., Melchior, Wilberforce, Jos, PALEY, LE, MERITE, PUSEY, REYMOND, Bois-, Croom, J.W., SCOTT, C.C., B.J., E.B., W.T., Archdeacon, YARRELL