Walter, Raleigh, Elizabeth, Humphrey, Gilbert, James, I, WALTER, RALEIGH, KNIGHT, CHARLES, HOWARD, Knight, Baron, ROBERT, CECIL, Robert, Cecil, Francisco, Pizarro, Guascar, Atabalipa, Jacob, Whiddon, Parker, Don, Antonio, de, Berreo, Coro, Preston, Truxillo, Nuevo, Reyno, Velez, Villa, Leiva, Nombre, Dios, Nueva, Espana, Master, Dimock, Palmer, Goldsmith, Charles, the, Fifth, Majesty, Amyas, Piche, Andrew, Thevet, Pliny, Carone, Cairi, Carao, Cantyman, Edward, Bonaventure, Margarita, Carroaori, Caulfield, Alvaro, Jorge, ), George, Gifford, Keymis, Castellani, Cortes, Pedro, Cieza, Lopez, Diego, Almagro, Guayna, Capac, El, Dorado, Inga, Orellana, Gonzalo, Ordas, Juan, Martinez, Orenoqueponi, Dudley, Orsua, Aguirre, Andreda, Sarmiento, John, Burgh, Hawkins, Jesus, Jeronimo, Ortal, Saragosa, S., Miguel, Neveri, Silva, Ruy, Gomez, Hernandez, Serpa, Gonzalez, Ximenes, Quesada, Berrio, Villiers, Helford, Assawai, Ajai, Caripuna, Medusa, Lampedo, Marthesia, Timana, Baraquan, Cassanar, Amapaia, Caroli, Guiana, Orenoque, Granada, Carapana, Morequito, Vides, Macureguarai, Saima, Wikiri, Fajardo, Guianian, Topiawari, Douglas, Capuri, Hampton, Porter, Butshead, Gorges, Thyn, Greenvile, Hancock, Clarke, Thomas, Upton, Facy, Jerome, Ferrar, Anthony, Wells, William, Connock, Barema, Arwacan, Ferdinando, Wight, Macuri, Martin, Toparimaca, Eynos, Epuremei, Iwarawaqueri, Wanuretona, Haharacoa, Nicholas, Millechamp, Caura, Canuri, Herodotus, Monsieur, Moucheron, Peter, Cari, Caturi, Voari, Pato, Dawney, Rodas, Louiana, Francis, Sparrow, Hugh, Goodwin, Putijma, Oiana, Parino, Henry, Timitwara, Saporatona, Waracayari, Akaniri, Araturi, Amacura, Wijmi, Sayma, Winicapora, Saymi, Philip, Kromsteven