Ernest, Thompson, Seton, Utrovand, Arnaux, Wolf, Scrimper, Hamelin, Castiglione, Pralitsky, Blenkinshoff, Sawyer, John, Washee, Pussy, Slummer, Tom, Menzie, Jap, Malee, Fox, Kitty, Kitten, Slum, Cayley, Orange, Billy, Bunny, Sammy, Dick, Sam, Jove, J., Gramercy, Grange, Hill, Malee's, butler, De, Royal, Analostan, Shure, Elizabeth, N., Jakey, Homer, Starback, Arnolf, O, BILLY, The, Badlands, Yellow, Duskymane, Coyote, Marsh, Hawk, Penroof, Black, VIII, King, Young, Coalie, Tige, Dumont, Thorburn, Corney, Margat, Alder, Loo, Thor, Frogs, Lynx, Blacksnake, Ellerton, Hen, Jacky, Jack, Warhorse, Rabbit, Dog, III, Newchusen, Baccy, Bullin, Kit, Carson, Si, Kalb, black, Luk, Dignam, Jen, Mickey, Hare, Minkie, Steward, Doo, Slipper, Slyman, Mick, Fango, Dogs, Snap-Ginger-snap, Bernard, Snap, Carnegie, Astor, Mendoza, Hilton, Danes, Hilt, Garvin, Dane, Gingersnap, Penroofs, Dander, Riley, Hulmer, George, Winnipeg, Emerson, le, Garou, Hine, Fiddler, Paul, Kildonan, Little, Jim, Hogan, des, Roches, Tung, Ling, Wolfie, Jimmie, Renaud, Ninette, V, Fort, Alexander, Allez, ze, Voolf, Ptarmigan, Hoifjeld, Birdless, Sveggum, Fossekal, Nystuen, Simle, White, Calf, Varsimle, Lief, Wolverene, Rol, Lapp, Storbuk, Balder, Lars, Ho, Knute, Sveggumsen, Wren, Borgrevinck, Saul, Axel, Tanberg, Nordland, Ren, Dalecarl, Carl, Great, Steed, Dyrskaur, Buk, Raven, Jotunheim