Oliphant, Anderson, Ferrier, David, Price, Alexander, Whyte, John, Bunyan, Macaulay, Froude, Joshua, Jesus, Christ, Paul, Dante, Jacob, Behmen, Wordsworth, Matthew, Arnold, Lord, Willbewill, Wet-eyes, Prywell, Emmanuel, Mansoul, Carlyle, Cromwell, Milton, Napier, Caesar, Edward, Pauline, Richard, Baxter, George, Wilson, Ye, Diabolus, Puff-up, Garden, of, Eden, Timothy, Isaiah, Shakespeare, Gould, Behmen-and-Darwin, Jeremiah, Solomon, Goodwin, Bishop, Andrewes, Blood, the, Son, God, Hast, Rossetti, Priam, Himself, Adam, Moses, Nicodemus, Peacock, Robert, Ball, Lucifer, Madame, Guyon, Theophilus, Jonathan, Edwards, William, Cunningham, Edwards's, Samson, Illwill, Kempis, Jeremy, Taylor, Leighton, Fenelon, Butler, Thomas, Boston, Shepard, Law, Academicus, Theogenes, Calvin, Ishmael, Abbe, Grou, Pascal, Samuel, Rutherford, Ferguson, Ochiltree, Laird, Habeas, Corpus, James, Addison, A, Dean, Swift, Reuben, Socrates, Thomson, Alcibiades, Plato, Elizabeth, Dryden, Bailey, Holborn, Hill, Locke, Hosea, Peter, Clip-Promise, Tower, Henry, Philip, Daniel, Eli, Clito, Fraser, Zedekiah, Loth-to-stoop, Quintilian, Noah, Abraham, Joseph, Joab, Rabbah, Chrysostom, Augustine, Gibeon, Fox, Brea, Esau, Judas, Ananias, Sapphira, O, Wodrow, Menzies, Heth, Connor, Anwoth, St., Andrews, Duncan, Hodge, Hooker, Fuller, Leafage, Owen, Howe, Zaccheus, Isaac, Abelard, Newman, Francis, Uriah, Credence, Good-hope, Pitiful, Suffer-long, Desires-awake, Prince, Neri, Oliver, is, Mr., Tophet, Mary, Magdalene, Elias, Baptist, Elijah, Tauler, Humble, Newton, Boulanger, M., Renault, Miss, Humble-mind, Leonard, Halyburton, Bonaventure, Ezekiel, Gifford, Platonize, God's-peace, Will-be-will, XXIII, Sabbath, Jonah, Peebles, Empson, Uzzah, Cruden, Joel, Euroclydon, Boanerges, Luke, Sidney, Smith, Boston_, Wilt, Thou, Parker, Howe_, Rogers, Man, His, Gaius, Hugh, Miller, Stewart, Cromarty, Pope, EMMANUEL, Christ_, I., Albert, Bengel, Cliffe, Christiana, Nathan, Jericho, Absalom, Andrew, Gray, Simon, Jonas