Charles, Reade, HORACE, I., Hillsborough, Cairnhope, Squire, Raby, Guy, Abel, Eaves, Janet, Pincher, Bess, Crummles, Lammermas, James, III, Richard, Edith, Manton, Little, Amboyne, Hall, Dick, Graham, Joseph, EDITH, JOSEPH, RABY, Dissolute, Henry, Mother, Cheetham, Joe, Foreman, Bayne, Carden, Woodbine, Villa, Heath, Hill, Harry, Grace, Thompson, Jael, Dence, Nat, MR., CHEETHAM, Balaam, Beor, Jack, Cheatem, Lundon, Jobson, Erin, Love, V., Jaet, Patty, Mary, Parkin, JOBSON, HENRY, Van, Amburgh, Reynolds, Bramah, Peter, Doubleface, Martha, Peak, Nathan, George, Holdfast, (, ), Grotait, Smitem, Coventry, Donne, John, Billy, Hillsbro, Amboynable, Laura, Craske, Betty, Tyrone, Castleton, Old, Moses, Rowbotham, Young, Jeel, Frederick, Dorothy, Thomas, WALTER, CARDEN, Black, Spohr, Schubert, Hamlet, Otho, Carol, Noel, Molly, Slater, Hilisboro, William, Easton, Wilder, Socinus, Jesus, Christ, Renan, Cocker, GABRIEL, HOUNDS, Gabriel, Bollinghope, Voltaire, Salvator, Rosa, Giles, de, la, Beche, Jove, Geordie, Hell-hounds, Noah, Ransome, Potter, Simmons, Jess, Biggs, Dan, Tucker, Sam, Cole, Ned, Eliza, Watney, Tommy, Bessy, Foxey, Bosh, St., King, Dences, Knight, Rawlinson, Robert, Leah, Rabys, Crichton, Margaret, Caesar, Applethwaite, White, Miss, LITTLE, XXIII, Anne, MARY, ANNE, Godby, BAYNE, Lynch, Cardens, Nick, Ben, Bolt, Chester, Whitbread, Elijah, Whitbreads, Whithread, Wilde, Tom, Kay, Harris, Machiavel, Grotrait, Martin, Martins, Bob, Gosshawk, Edwards, Holland, Brinsley, Phil, Davis, Parson, Will, Gibbon, Philip, Williams, Little's, Aberystwith, Hy, Patrick, Lally, Shifty, JAEL, DENCE, Dance, Baynes, U., S., Ironside, Goldheart, Buridan, Tyler's, Fynes, Apollonius, Rhodius, Beresford, Dear, Stirling, Silly, Alderman, Queen, Lyons, York, RANSOME, Park, Dolman, Galton, Hatfield, Mountain, Ives, Carter, Mill, Damflask, Galtons, Leviathan, Millais, Gratiosa, Amata, Uncle, Sheriff, Daventree, Paine, Gulstone