Walter, Scott, CONTENTS, XXIII, Charles, Edward, Stuart, Scottishman, Robert, Walpole, Archibald, Cameron, Donald, Loch, Katrine, Johnson, George, II, Vourich, Chevalier, King, Primrose, Prince, ), Walkinshaw, M'Namara, DARSIE, LATIMER, Moffat, Alan, Inn, Fairford, Darsie, Latimer, Samuel, Griffiths, Ironmonger, Lane, Minos, PESSIMI, EXEMPLI, Stewart, John, Nisbett, Dirleton, James, Thomas, Hope, SOLITO, Erskine, Wallace, Mathieson, Adams, Roan, Robin, Sam, Barleycorn, David, Jonathan, Orestes, Damon, Wilkinson, Said, 'Darsie, Luckie, Simpson, TOM, JONES, VOET, Luckenbooths, JURIS, Alexander, Valentine, A., F., LETTER, III, Lovelace, Laird, Glengallacher, Rob, Roy, Macgregor, Mhor, Bruce, Elcho, Rosamond, Barbara, Allan, SHEPHERD, Bowness, Brown, Bush, Ariosto, Highlandmen, Marius, Nixon, 'Mabel, Mabel, Cristal, Daniel, Wert, Claude, Lorraine, Solway, Bucklivat, Lear, Dolly, MacIzzard, Crossbite, Herries, Birrenswork, Paterson, the, Philosopher, Anno, Domini, Herbert, Preston, Pope, Hannah, Cook, Epps, Kirk, --, Yon, Joshua, Geddes, Shepherd, Benjie, Solomon, gee-hupping, Auld, Reekie, Jack, Fawkes, Gleddes, Pike, Luce, Philip, Fox, Jehoiachim, Rachel, Sancho, Tirteafuera, Gregson, Millar, Dodsley, Horace, Adam, Scot, of, Amwell, Maister, Aunt, Peggy, Lady, Bedrooket, Peg, Baxter, MERCURIO, Murtough, O'Hara, Reason, Fielding, Don, Quixote, Amadis, Panza, Eppie, Cassandra, MR., Ralph, Pest, Peter, ALEXANDER, Mantle, Phalaris, Huguenot, Firth, Bunyan, Thom, Lyne, Cowley, Tom, Jem, Steenson, Willie, Galashiels, Oswald, Maggie, Crowdero, Ye, Rory, Dall, Lucky, Meg, Blind, Knaresborough, Corelli, WILLIE, Redgauntlet, Second, Tam, Dalyell, Glen, Knowe, Steenie, Lattin, Dougal, MacCallum, William, Martinmas, Laurie, Lapraik, Weir, Goodman, maun, ken, Hutcheon, Davie, Lindsay, Stevenson, STEPHEN, JOHN, Stephen, Pitmurkie, Tibbie, 'Piper, Driveower, Middleton, Earlshall, Bonshaw, Cargill, Lang, Lad, Nethertown, Piper, Beelzebub, Earl, Douglas, MacLellan, Pitscottie, Redwald, Luter, Gude, Till, Towsie, Lightfoot, Morrice, Christ, KING, Malvolio, Barmecide, Simon, Wullie, Gil, Hobson, Nickie, Murray, Dame, Martin, Madge, Middlebie, Aldeborontiphoscophornio, Rigdum-Funnidos, Oliver, Blas, Mrs, Lilias, Eve, Lazarus, Peebles, Dumtoustie, Bladderskate, Drudgeit, PEEBLES, Paul, Plainstanes, Peeble, Wildgoose, Melrose, Daddie, Macer, Mont, Blanc, Saunders, Giles, Warren, Will, Sampson, Alpheus, preceding, Hercules, Peters, Da-a-niel, Benjamin, Tough, Kaimes, Provost, Crosbie, ALAN, FAIRFORD, Dean, V, Owen, Coltherd, Miss, Davies, Master, Phil, Ailsa, Craig, 'John, Ainslie, Allonby, Saint, Mary, Joan, Dorcas, Bees, Jan, Kitty, Rutlege, Appleby, Fair, Carlisle, Carloisle, Eckie, Raff, Miller, Nick, Squire, Foxley, Hall, Nicholas, Justice, Matthew, NIHIL, NOVIT, Redgimlet, Derwentwater, Faggot, Attorney, Byrom, God, VIII, Clifton, Harry, Baliol, Annan, Randolph, Moray, Fraser, Norman, Alberick, Dundrennan, Philippa, Bruce's, Richard, Friend, Coeur, de, Lion, Blondel, Neil, Gow, Nathaniel, Babel, Johnnie, Quaker, Burleigh, Ailsay, Pate, Maxwell, Pate-in-Peril, Charlie, Wade, Bailie, Brokenburn, Mareschal, Winton, MacAlpin, Summertrees, Skye, Gauntlet, Chalmer, MacEwen, MacMillan, Maclean, Henry, Arthur, Hugh, 'A, Trumbull, Turnpenny, Aberdeen, Almanacks, Silvertongue, Macbeth, Shakespeare, Quin, Covenanter, Malachi, JENNY, Job, Rutledge, Nanty, Ewart, Cristie, Ophir, Antony, Hastie, Robie, Pentland, Criffel, Glaramara, PENSI, Steuart, Allanton, Crispus, Lo, Ibidem, Sallust, DAVID, Skiddaw, Moss, Siller, Willy, Foster, Virgil, Cantrips, Kittlebasket, (, Gad, Jess, Othello, Radaway, Ichabod, Leith, Hadaway, Avery, Jove, Fairbairn, Fairport, Roberts, Fairweather, Kirkbride, Crackenthorp, Fairbird, Father, Jephson, Lowther, Blinkinsop, Collier, Skelton, Grist, Dick, Gardener, 'Jack, Lamplugh, Wigton, Dan, Cooke, Arthuret, Madam, 'Holy, Virgin, Selby, Seraphina, Winifred, NOBIS, Angelica, LEO, VORANS, Ambrose, Aesculapius, Maria, Buonaventure, Jenny, Uriah, Ere, Vashti, Esther, Cicely, Green, 'Dearest, Caesar, 'Gilbert, Mother, Rougedragon, Cannon, Errol, Scarborough, Bailey, Michel, I, Joe, Sawney, Wilt, Broadbrim, Poor, Burgess, Littleworth, 'O, Grumball, Cornish, MacKellar, Glendale, Meredith, Locke, MUTABILE, SEMPER, FEMINA, CAUTE, TAMEN, 'Charles, St., Leddy, Colin, Campbell, Ingoldsby, DRYASDUST, Clinkdollar, Oldbuck, Rambler, Howie, Duke, Lauderdale, Grierson, PETER, Graham, Grange, Kilda, Merrilees, Elizabeth, Canning, Mendham, Dymock, Ill, COLLIER, H., Carey, AMADIS, Gaul, ANNO, DOMINI, AULD, REEKIE, Justinian, BENEDICTE, BROWN, Great, Catilina, Bellerophon, Aufidius, CRAIG, DAFT, DING, DOOL, GAR, GAUGER, GRUE, HANK, JACK, LAWING, LEAL, Shenstone, LEESOME, LANE, LEE, WAY, LEX, AQUARUM, LIMMER, LING, LOE, LOVELACE, CLARISSA, HARLOWE, LUM, MARIUS, Sulla, MEAR, V., DAMON, PHALARIS, REDD, Farquhar, SOUTER, DON, QUIXOTE, TOOM, VADE, Voet, WARK